"x","rep","method"
142997.70440895,"rep1","dadi"
136645.500607059,"rep2","dadi"
136860.824043814,"rep3","dadi"
140000,"truth","dadi"
145575,"rep1","fsc"
136400,"rep2","fsc"
144125,"rep3","fsc"
140000,"truth","fsc"
62509.9830094173,"rep1","smcpp"
62060.8908830271,"rep2","smcpp"
65606.1067167247,"rep3","smcpp"
140000,"truth","smcpp"
